{
  "project_info": {
    "project_number": "455956365532",
    "project_id": "giveblood-406e0",
    "storage_bucket": "giveblood-406e0.appspot.com"
  },
  "client": [
    {
      "client_info": {
        "mobilesdk_app_id": "1:455956365532:android:2f7914cd5c7cb55e6cf419",
        "android_client_info": {
          "package_name": "NB.main"
        }
      },
      "oauth_client": [
        {
          "client_id": "455956365532-d40iolsg64ueptf9gmnbe2qgl4o2shgg.apps.googleusercontent.com",
          "client_type": 1,
          "android_info": {
            "package_name": "NB.main",
            "certificate_hash": "48c3f6504ed696d14aef7a8d7a9b050fa189fe8d"
          }
        },
        {
          "client_id": "455956365532-p8vrs23t6g24rh8f1s8kp9tgc8vdc0d6.apps.googleusercontent.com",
          "client_type": 3
        }
      ],
      "api_key": [
        {
          "current_key": "AIzaSyA5eVimAP4YhJKQ71bpq5FB2IbcWixZqSI"
        }
      ],
      "services": {
        "appinvite_service": {
          "other_platform_oauth_client": [
            {
              "client_id": "455956365532-p8vrs23t6g24rh8f1s8kp9tgc8vdc0d6.apps.googleusercontent.com",
              "client_type": 3
            }
          ]
        }
      }
    }
  ],
  "configuration_version": "1"
}